{
  "n_test": 8165,
  "n_train": 46267,
  "inputs": 12,
  "ANN": {
    "PEC_f": {
      "R2": 0.9979224552031246,
      "RMSE": 0.00036577421949069973,
      "MAE": 0.0002279941322500658,
      "MAPE": 0.022917052425718995
    },
    "Nu": {
      "R2": 0.9997476902661784,
      "RMSE": 0.6766352542421888,
      "MAE": 0.5090573545010095,
      "MAPE": 2.7325319702921553
    },
    "eta": {
      "R2": 0.9996250928684449,
      "RMSE": 0.0030275877370676057,
      "MAE": 0.002367504808538691,
      "MAPE": 0.4584307089250384
    },
    "Wp_W": {
      "R2": 0.9982977963202251,
      "RMSE": 0.04666646890013666,
      "MAE": 0.021219340980538084,
      "MAPE": 3.2455033927404733
    }
  },
  "GB": {
    "PEC_f": {
      "R2": 0.891340962622882,
      "RMSE": 0.00264527495661015,
      "MAE": 0.0008956444579952263,
      "MAPE": 0.09017509130931052
    },
    "Nu": {
      "R2": 0.9999459175077153,
      "RMSE": 0.31326795177430944,
      "MAE": 0.195419900579051,
      "MAPE": 1.0986419027457082
    },
    "eta": {
      "R2": 0.9996009396693775,
      "RMSE": 0.0031235910203326303,
      "MAE": 0.0021550284591875042,
      "MAPE": 0.39475656020294947
    },
    "Wp_W": {
      "R2": 0.9997612938744636,
      "RMSE": 0.017475554299949323,
      "MAE": 0.008777550267086553,
      "MAPE": 1.7681667697443917
    }
  },
  "CV_PEC_f": {
    "folds": 3,
    "R2_mean": 0.8993662807346139,
    "R2_sd": 0.0032212500492563535,
    "RMSE_mean": 0.0025498386632244103,
    "MAPE_mean": 0.11851932737127135,
    "MAPE_sd": 0.0004510635584954428
  }
}