{
  "optimum_point": {
    "pair": "Al2O3-Cu",
    "carrier": "EG/water 60:40",
    "w": 0.03,
    "s1": 0.25,
    "V": 1.71,
    "Ti": 60.0,
    "Is": 700.0,
    "Ta": 25.0
  },
  "baseline": {
    "PEC_eps": 1.03487,
    "PEC_f": 1.04376,
    "Re": 2819
  },
  "boundary_condition": {
    "Nu_lam_3.66": 1.03487,
    "Nu_lam_4.36": 1.03251,
    "dPEC": -0.00235
  },
  "viscosity_closure": {
    "mu_x0.7": 1.68956,
    "mu_x1.0": 1.03487,
    "mu_x1.3": 0.48131
  },
  "minor_losses": {
    "sumK_0": 1.03487,
    "sumK_10": 1.0397,
    "sumK_20": 1.0412,
    "sumK_40": 1.04236
  },
  "matched_pumping": {
    "Vbf_star": 1.791,
    "Nu_hnf": 21.754,
    "Nu_bf_star": 17.283,
    "PEC_eq": 1.25865
  }
}